"targets","layer","filename","fld_value","units","name","description","layer_gl","path_in","fld_id_num","fld_id_chr","fld_category","fld_year","fld_val_num","fld_val_chr","file_exists","year_min","year_max","val_min","val_max","val_0to1","flds_unused","flds_missing","rows_duplicated","num_ids_unique","data_na"
"AO","ao_access","ao_access_gl2019.csv","value","scaled 0-1","Artisanal fisheries opportunity","The opportunity for artisanal and recreational fishing based on the quality of management of the small-scale fishing sector","ao_access","~/github/ohi-global/eez/layers/ao_access.csv","rgn_id",,,"year","value",,TRUE,2013,2013,0.854,0.854,TRUE,,,,1,FALSE
"AO","ao_need","ao_need_gl2019.csv","value","scaled 0-1","Economic need for artisanal fishing","Inverse of per capita purchasing power parity (PPP) adjusted gross domestic product (GDP): GDPpcPPP as a proxy for subsistence fishing need","ao_need","~/github/ohi-global/eez/layers/ao_need.csv","rgn_id",,,"year","value",,TRUE,2005,2018,,,FALSE,,,,1,TRUE
"AO pressureCP pressureCS pressureCW pressureECO pressureFIS pressureHAB pressureICO pressureLIV pressureLSP pressureMAR pressureNP pressureSPP pressureTR pressure","ss_spi","ss_spi_gl2019.csv","pressure_score","scaled 0-1","Weakness of social progress","Inverse of Social Progress Index scores","ss_spi","~/github/ohi-global/eez/layers/ss_spi.csv","rgn_id",,,"year","pressure_score",,TRUE,2014,2019,,,FALSE,,,,1,TRUE
"AO pressureCP pressureCS pressureCW pressureECO pressureFIS pressureHAB pressureICO pressureLIV pressureLSP pressureMAR pressureNP pressureSPP pressureTR pressure","ss_wgi","ss_wgi_gl2019.csv","pressure_score","scaled 0-1","Weakness of governance","Inverse of World Governance Indicators (WGI) six combined scores","ss_wgi","~/github/ohi-global/eez/layers/ss_wgi.csv","rgn_id",,,"year","pressure_score",,TRUE,1996,2017,0.304336685236566,0.341565136707319,TRUE,,,,1,FALSE
"AO pressureCP pressureCS pressureECO pressureFIS pressureHAB pressureICO pressureLIV pressureLSP pressureNP pressureSPP pressure","hd_intertidal","hd_intertidal_gl2019.csv","pressure_score","scaled 0-1","Intertidal habitat destruction","Coastal population density (25 mi from shore)  as a proxy for intertidal habitat destruction","hd_intertidal","~/github/ohi-global/eez/layers/hd_intertidal.csv","rgn_id",,,"year","pressure_score",,TRUE,2000,2020,0,0,TRUE,,,,1,FALSE
"AO pressureCP pressureCS pressureECO pressureFIS pressureHAB pressureICO pressureLIV pressureLSP pressureNP pressureSPP pressure","sp_alien","sp_alien_gl2019.csv","pressures.score","scaled 0-1","Nonindigenous species","Measure of harmful invasive species","sp_alien","~/github/ohi-global/eez/layers/sp_alien.csv","rgn_id",,,,"pressures.score",,TRUE,,,0.00791929437695692,0.00791929437695692,TRUE,,,,1,FALSE
"AO pressureCP pressureECO pressureFIS pressureHAB pressureICO pressureLIV pressureLSP pressureNP pressureSPP pressure","hd_subtidal_hb","hd_subtidal_hb_gl2019placeholder.csv","score","scaled 0-1","Subtidal hardbottom habitat destruction","Presence of blast fishing as an estimate of subtidal hard bottom habitat destruction","hd_subtidal_hb","~/github/ohi-global/eez/layers/hd_subtidal_hb.csv","rgn_id",,,"year","score",,TRUE,2019,2019,0,0,TRUE,,,,1,FALSE
"AO pressureECO pressureFIS pressureHAB pressureICO pressureLIV pressureNP pressureSPP pressure","fp_art_hb","fp_art_hb_gl2019.csv","pressure_score","scaled 0-1","High bycatch due to artisanal fishing","Pressure due to artisanal high bycatch fishing identified by discard tonnes and standardized by NPP","fp_art_hb","~/github/ohi-global/eez/layers/fp_art_hb.csv","rgn_id",,,"year","pressure_score",,TRUE,2007,2017,0,4.19141925291291e-08,TRUE,,,,1,FALSE
"AO pressureECO pressureFIS pressureHAB pressureICO pressureLIV pressureSPP pressure","fp_com_hb","fp_com_hb_gl2019.csv","pressure_score","scaled 0-1","High bycatch due to commercial fishing","Pressure due to industrial high bycatch fishing identified by discard tonnes and standardized by NPP","fp_com_hb","~/github/ohi-global/eez/layers/fp_com_hb.csv","rgn_id",,,"year","pressure_score",,TRUE,2007,2017,0.0140274323081001,0.0208745481715307,TRUE,,,,1,FALSE
"AO pressureECO pressureFIS pressureHAB pressureLIV pressureNP pressureSPP pressure","fp_com_lb","fp_com_lb_gl2019.csv","pressure_score","scaled 0-1","Low bycatch due to commercial fishing","Pressure due to industrial low bycatch fishing identified by reported and IUU tonnes and standardized by NPP","fp_com_lb","~/github/ohi-global/eez/layers/fp_com_lb.csv","rgn_id",,,"year","pressure_score",,TRUE,2007,2017,0.0743888881146128,0.121916899014404,TRUE,,,,1,FALSE
"AO pressureECO pressureFIS pressureHAB pressureLIV pressureNP pressureSPP pressure","hd_subtidal_sb","hd_subtidal_sb_gl2019.csv","pressure_score","scaled 0-1","Subtidal soft bottom habitat destruction","Pressure on soft-bottom habitats due to demersal destructive commercial fishing practices (e.g., trawling)","hd_subtidal_sb","~/github/ohi-global/eez/layers/hd_subtidal_sb.csv","rgn_id",,,"year","pressure_score",,TRUE,2003,2015,0,0,TRUE,,,,1,FALSE
"AO resilienceCP resilienceCS resilienceCW resilienceECO resilienceFIS resilienceHAB resilienceICO resilienceLIV resilienceLSP resilienceMAR resilienceNP resilienceSPP resilienceTR resilience","res_spi","res_spi_gl2019.csv","resilience_score","scaled 0-1","Social Progress Index","Social Progress Index scores","res_spi","~/github/ohi-global/eez/layers/res_spi.csv","rgn_id",,,"year","resilience_score",,TRUE,2014,2019,,,FALSE,,,,1,TRUE
"AO resilienceCP resilienceCS resilienceCW resilienceECO resilienceFIS resilienceHAB resilienceICO resilienceLIV resilienceLSP resilienceMAR resilienceNP resilienceSPP resilienceTR resilience","wgi_all","wgi_all_gl2019.csv","resilience_score","scaled 0-1","Strength of governance","World Governance Indicators (WGI) six combined scores","wgi_all","~/github/ohi-global/eez/layers/wgi_all.csv","rgn_id",,,"year","resilience_score",,TRUE,1996,2017,0.658434863292681,0.695663314763434,TRUE,,,,1,FALSE
"AO resilienceCP resilienceCS resilienceFIS resilienceHAB resilienceICO resilienceLSP resilienceNP resilienceSPP resilience","hd_habitat","hd_habitat_gl2019.csv","resilience score","scaled 0-1","Management of habitat to protect habitat biodiversity","Survey responses by country to the Convention on Biological Diversity (CBD) Third National Report: habitat related questions","hd_habitat","~/github/ohi-global/eez/layers/hd_habitat.csv","rgn_id",,,,"resilience.score",,TRUE,,,0.138087289287079,0.138087289287079,TRUE,,,,1,FALSE
"AO resilienceCP resilienceCS resilienceHAB resilienceNP resilience","hd_mpa_coast","hd_mpa_coast_gl2019.csv","resilience.score","scaled 0-1","Coastal protected marine areas (habitat preservation)","Protected marine areas within 3nm of coastline (lasting special places goal status score)","hd_mpa_coast","~/github/ohi-global/eez/layers/hd_mpa_coast.csv","rgn_id",,,"year","resilience.score",,TRUE,0,2019,0,1,TRUE,,,,1,FALSE
"AO resilienceFIS resilienceHAB resilienceICO resilienceNP resilienceSPP resilience","fp_fish_management","fp_fish_management_gl2019.csv","value","scaled 0-1","Fisheries management index","Country scale regulations and management of fishing","fp_fish_management","~/github/ohi-global/eez/layers/fp_fish_management.csv","rgn_id",,,"year","value",,TRUE,2018,2018,,,FALSE,,,,1,TRUE
"AO resilienceFIS resilienceHAB resilienceICO resilienceNP resilienceSPP resilience","fp_habitat","fp_habitat_gl2019.csv","resilience score","scaled 0-1","Management of habitat to protect fisheries biodiversity","Survey responses by country to the Convention on Biological Diversity (CBD) Third National Report: habitat related questions","fp_habitat","~/github/ohi-global/eez/layers/fp_habitat.csv","rgn_id",,,,"resilience.score",,TRUE,,,0.138087289287079,0.138087289287079,TRUE,,,,1,FALSE
"AO resilienceHAB resilienceNP resilience","fp_mpa_coast","fp_mpa_coast_gl2019.csv","resilience.score","scaled 0-1","Coastal protected marine areas (fishing preservation)","Protected marine areas within 3nm of coastline (lasting special places goal status score)","fp_mpa_coast","~/github/ohi-global/eez/layers/fp_mpa_coast.csv","rgn_id",,,"year","resilience.score",,TRUE,2000,2019,0,1,TRUE,,,,1,FALSE
"AO resilienceHAB resilienceNP resilience","species_diversity_3nm","species_diversity_3nm_gl2019.csv","score","scaled 0-1","Measure of coastal ecological integrity","Marine species condition (same calculation and data as the species subgoal status score)  calculated within 3 nm of shoreline as a proxy for ecological integrity","species_diversity_3nm","~/github/ohi-global/eez/layers/species_diversity_3nm.csv","rgn_id",,,"year","score",,TRUE,2012,2019,0.879530936561954,0.889724351277184,TRUE,,,,1,FALSE
"CP","hab_coral_extent","hab_coral_extent_gl2019.csv","km2","km2","Habitat extent of coral","Area of coral habitat","hab_coral_extent","~/github/ohi-global/eez/layers/hab_coral_extent.csv","rgn_id",,"habitat","year","km2",,TRUE,2012,2012,63.7473,63.7473,FALSE,,,,1,FALSE
"CP","hab_seaice_extent","hab_seaice_extent_gl2019placeholder.csv","km2","km2","Habitat extent of seaice","Area of seaice (edge and shoreline) habitat","hab_seaice_extent","~/github/ohi-global/eez/layers/hab_seaice_extent.csv","rgn_id",,"habitat","year","km2",,TRUE,2019,2019,2019,2019,FALSE,,,,1,FALSE
"CP pressureCS pressureECO pressureHAB pressureICO pressureNP pressureSPP pressure","cc_acid","cc_acid_gl2019.csv","pressure_score","scaled 0-1","Ocean acidification","Pressure due to increasing ocean acidification, scaled using biological thresholds","cc_acid","~/github/ohi-global/eez/layers/cc_acid.csv","rgn_id",,,"year","pressure_score",,TRUE,1958,2020,0.113084726608296,0.219231360075875,TRUE,,,,1,FALSE
"CP pressureCS pressureECO pressureHAB pressureICO pressureNP pressureSPP pressure","cc_sst","cc_sst_gl2019.csv","pressure_score","scaled 0-1","Sea surface temperature","Presure due to increasing extreme sea surface temperature events","cc_sst","~/github/ohi-global/eez/layers/cc_sst.csv","rgn_id",,,"year","pressure_score",,TRUE,2012,2017,0.00109682909798719,0.310884059729423,TRUE,,,,1,FALSE
"CP pressureCS pressureECO pressureHAB pressureLIV pressureLSP pressureMAR pressureNP pressureTR pressure","cc_slr","cc_slr_gl2019.csv","pressure_score","scaled 0-1","Sea level rise","Pressure due to rising mean sea level","cc_slr","~/github/ohi-global/eez/layers/cc_slr.csv","rgn_id",,,"year","pressure_score",,TRUE,1993,2018,0,0.396715128632821,TRUE,,,,1,FALSE
"CP pressureHAB pressureNP pressureSPP pressure","cc_uv","cc_uv_gl2019.csv","pressure_score","scaled 0-1","UV radiation","Pressure due to increasing frequency of UV anomolies","cc_uv","~/github/ohi-global/eez/layers/cc_uv.csv","rgn_id",,,"year","pressure_score",,TRUE,2009,2018,0,0.116893479052333,TRUE,,,,1,FALSE
"CP resilienceCS resilienceCW resilienceHAB resilienceICO resilienceLSP resilienceMAR resilienceNP resilienceSPP resilienceTR resilience","po_water","po_water_gl2019.csv","resilience score","scaled 0-1","Management of waters to preserve biodiversity","Survey responses by country to the Convention on Biological Diversity (CBD) Third National Report: clean water management related questions","po_water","~/github/ohi-global/eez/layers/po_water.csv","rgn_id",,,,"resilience.score",,TRUE,,,0.084386676786548,0.084386676786548,TRUE,,,,1,FALSE
"CPHAB","hab_coral_health","hab_coral_health_gl2019.csv","health","proportion","Habitat condition of coral","Current condition of coral habitat relative to historical condition","hab_coral_health","~/github/ohi-global/eez/layers/hab_coral_health.csv","rgn_id",,"habitat","year","health",,TRUE,2012,2012,0.743013670160413,0.743013670160413,TRUE,,,,1,FALSE
"CPHAB","hab_coral_trend","hab_coral_trend_gl2019placeholder.csv","trend","trend","Habitat condition trend of coral","Estimated trend in coral condition","hab_coral_trend","~/github/ohi-global/eez/layers/hab_coral_trend.csv","rgn_id",,"habitat","year","trend",,TRUE,2019,2019,2019,2019,FALSE,,,,1,FALSE
"CPHAB","hab_seaice_health","hab_seaice_health_gl2019placeholder.csv","health","proportion","Habitat condition of seaice","Current condition of seaice habitat relative to historical condition","hab_seaice_health","~/github/ohi-global/eez/layers/hab_seaice_health.csv","rgn_id",,"habitat","year","health",,TRUE,2019,2019,2019,2019,FALSE,,,,1,FALSE
"CPHAB","hab_seaice_trend","hab_seaice_trend_gl2019placeholder.csv","trend","trend","Habitat condition trend of seaice","Estimated trend in seaice condition","hab_seaice_trend","~/github/ohi-global/eez/layers/hab_seaice_trend.csv","rgn_id",,"habitat","year","trend",,TRUE,2019,2019,2019,2019,FALSE,,,,1,FALSE
"CSCP","hab_mangrove_extent","hab_mangrove_extent_gl2019.csv","km2","km2","Habitat extent of mangrove","Area of mangrove habitat","hab_mangrove_extent","~/github/ohi-global/eez/layers/hab_mangrove_extent.csv","rgn_id",,"habitat","year","km2",,TRUE,2015,2015,0,0,TRUE,,,,1,FALSE
"CSCP","hab_saltmarsh_extent","hab_saltmarsh_extent_gl2019placeholder.csv","km2","km2","Habitat extent of saltmarsh","Area of saltmarsh habitat","hab_saltmarsh_extent","~/github/ohi-global/eez/layers/hab_saltmarsh_extent.csv","rgn_id",,"habitat","year","km2",,TRUE,2019,2019,2019,2019,FALSE,,,,1,FALSE
"CSCP","hab_seagrass_extent","hab_seagrass_extent_gl2019placeholder.csv","km2","km2","Habitat extent of seagrass","Area of seagrass habitat","hab_seagrass_extent","~/github/ohi-global/eez/layers/hab_seagrass_extent.csv","rgn_id",,"habitat","year","km2",,TRUE,2019,2019,2019,2019,FALSE,,,,1,FALSE
"CSHABCP","hab_mangrove_health","hab_mangrove_health_gl2019placeholder.csv","health","proportion","Habitat condition of mangrove","Current condition of mangrove habitat relative to historical condition","hab_mangrove_health","~/github/ohi-global/eez/layers/hab_mangrove_health.csv","rgn_id",,"habitat","year","health",,TRUE,2019,2019,2019,2019,FALSE,,,,1,FALSE
"CSHABCP","hab_mangrove_trend","hab_mangrove_trend_gl2019placeholder.csv","trend","trend","Habitat condition trend of mangrove","Estimated trend in mangrove condition","hab_mangrove_trend","~/github/ohi-global/eez/layers/hab_mangrove_trend.csv","rgn_id",,"habitat","year","trend",,TRUE,2019,2019,2019,2019,FALSE,,,,1,FALSE
"CSHABCP","hab_saltmarsh_health","hab_saltmarsh_health_gl2019placeholder.csv","health","proportion","Habitat condition of saltmarsh","Current condition of saltmarsh habitat relative to historical condition","hab_saltmarsh_health","~/github/ohi-global/eez/layers/hab_saltmarsh_health.csv","rgn_id",,"habitat","year","health",,TRUE,2019,2019,2019,2019,FALSE,,,,1,FALSE
"CSHABCP","hab_saltmarsh_trend","hab_saltmarsh_trend_gl2019placeholder.csv","trend","trend","Habitat condition trend of saltmarsh","Estimated trend in saltmarsh condition","hab_saltmarsh_trend","~/github/ohi-global/eez/layers/hab_saltmarsh_trend.csv","rgn_id",,"habitat","year","trend",,TRUE,2019,2019,2019,2019,FALSE,,,,1,FALSE
"CSHABCP","hab_seagrass_health","hab_seagrass_health_gl2019placeholder.csv","health","proportion","Habitat condition of seagrass","Current condition of seagrass habitat relative to historical condition","hab_seagrass_health","~/github/ohi-global/eez/layers/hab_seagrass_health.csv","rgn_id",,"habitat","year","health",,TRUE,2019,2019,2019,2019,FALSE,,,,1,FALSE
"CSHABCP","hab_seagrass_trend","hab_seagrass_trend_gl2019placeholder.csv","trend","trend","Habitat condition trend of seagrass","Estimated trend in seagrass condition","hab_seagrass_trend","~/github/ohi-global/eez/layers/hab_seagrass_trend.csv","rgn_id",,"habitat","year","trend",,TRUE,2019,2019,2019,2019,FALSE,,,,1,FALSE
"CW","cw_chemical_trend","cw_chemical_trend_gl2019.csv","trend","trend","Chemical pollution trend","Trends in chemical pollution, based on commercial shipping traffic, ports and harbors, land-based pesticide use (organic pollution), and urban runoff (inorganic pollution) within EEZ","cw_chemical_trend","~/github/ohi-global/eez/layers/cw_chemical_trend.csv","rgn_id",,,"year","trend",,TRUE,2012,2016,0,0,TRUE,,,,1,FALSE
"CW","cw_nutrient_trend","cw_nutrient_trend_gl2019.csv","trend","trend","Nutrient pollution trend","Trends in nutrient pollution, using fertilizer consumption as a proxy for nutrient pollution","cw_nutrient_trend","~/github/ohi-global/eez/layers/cw_nutrient_trend.csv","rgn_id",,,"year","trend",,TRUE,2012,2016,0,0,TRUE,,,,1,FALSE
"CW","cw_pathogen_trend","cw_pathogen_trend_gl2019.csv","trend","trend","Pathogen pollution trend","Trends in percent of population without access to improved sanitation facilities as a proxy for pathogen pollution","cw_pathogen_trend","~/github/ohi-global/eez/layers/cw_pathogen_trend.csv","rgn_id",,,"year","trend",,TRUE,2010,2017,0,0,TRUE,,,,1,FALSE
"CW","cw_trash_trend","cw_trash_trend_gl2019.csv","trend","trend","Plastic trash trends","Trends in trash estimated using improperly disposed of plastics","cw_trash_trend","~/github/ohi-global/eez/layers/cw_trash_trend.csv","rgn_id",,,"year","trend",,TRUE,2016,2016,,,FALSE,,,,1,TRUE
"CWAO pressureCP pressureCS pressureCW pressureECO pressureHAB pressureICO pressureLIV pressureLSP pressureMAR pressureTR pressure","po_nutrients_3nm","po_nutrients_3nm_gl2019.csv","pressure_score","scaled 0-1","Coastal nutrient pollution","Modeled nutrient pollution within EEZ based on fertilizer consumption","po_nutrients_3nm","~/github/ohi-global/eez/layers/po_nutrients_3nm.csv","rgn_id",,,"year","pressure_score",,TRUE,2012,2016,0,0,TRUE,,,,1,FALSE
"CWAO pressureCP pressureCS pressureCW pressureHAB pressureICO pressureLSP pressureTR pressure","po_chemicals_3nm","po_chemicals_3nm_gl2019.csv","pressure_score","scaled 0-1","Coastal chemical pollution","Modeled chemical pollution within 3nm of coastline from commercial shipping traffic, ports and harbors, land-based pesticide use (organic pollution), and urban runoff (inorganic pollution)","po_chemicals_3nm","~/github/ohi-global/eez/layers/po_chemicals_3nm.csv","rgn_id",,,"year","pressure_score",,TRUE,2012,2016,0.112395199987221,0.112395199987221,TRUE,,,,1,FALSE
"CWCW pressureECO pressureICO pressureLIV pressureLSP pressureSPP pressureTR pressure","po_trash","po_trash_gl2019.csv","pressure_score","scaled 0-1","Marine plastics","Global marine plastic pollution","po_trash","~/github/ohi-global/eez/layers/po_trash.csv","rgn_id",,,"year","pressure_score",,TRUE,2015,2015,0.192975302841617,0.192975302841617,TRUE,,,,1,FALSE
"CWCW pressureECO pressureLIV pressureTR pressure","po_pathogens","po_pathogens_gl2019.csv","pressure_score","scaled 0-1","Pathogen pollution","Percent of population without access to improved sanitation facilities as a proxy for pathogen pollution","po_pathogens","~/github/ohi-global/eez/layers/po_pathogens.csv","rgn_id",,,"year","pressure_score",,TRUE,2000,2017,0,0,TRUE,,,,1,FALSE
"ECO","eco_status","eco_status_gl2019.csv","status","status 0-100","Economic status scores","Calculated using corrected revenue data for several marine sectors  (data not updated since 2013)","eco_status","~/github/ohi-global/eez/layers/eco_status.csv","rgn_id",,,"year","status",,TRUE,2012,2013,,,FALSE,,,,1,TRUE
"ECO","eco_trend","eco_trend_gl2019.csv","trend","trend -1 to 1","Economic trend scores","Calculated using change in revenue for several marine sectors  (data not updated since 2013)","eco_trend","~/github/ohi-global/eez/layers/eco_trend.csv","rgn_id",,,"year","trend",,TRUE,2012,2013,,,FALSE,,,,1,TRUE
"ECO pressureFIS pressureHAB pressureLIV pressureNP pressureSPP pressure","fp_art_lb","fp_art_lb_gl2019.csv","pressure_score","scaled 0-1","Low bycatch due to artisanal fishing","Pressure due to artisanal low bycatch fishing identified by reported and IUU tonnes and standardized by NPP","fp_art_lb","~/github/ohi-global/eez/layers/fp_art_lb.csv","rgn_id",,,"year","pressure_score",,TRUE,2007,2017,0,3.27851459457175e-05,TRUE,,,,1,FALSE
"ECO pressureFIS pressureLIV pressureMAR pressureNP pressureSPP pressure","po_chemicals","po_chemicals_gl2019.csv","pressure_score","scaled 0-1","Chemical pollution","Modeled chemical pollution within EEZ from commercial shipping traffic, ports and harbors, land-based pesticide use (organic pollution), and urban runoff (inorganic pollution)","po_chemicals","~/github/ohi-global/eez/layers/po_chemicals.csv","rgn_id",,,"year","pressure_score",,TRUE,2012,2016,0.0978740937123454,0.0978740937123454,TRUE,,,,1,FALSE
"ECO pressureFIS pressureLIV pressureNP pressureSPP pressure","po_nutrients","po_nutrients_gl2019.csv","pressure_score","scaled 0-1","Nutrient pollution","Modeled nutrient pollution within 3nm of coastline based on fertilizer consumption","po_nutrients","~/github/ohi-global/eez/layers/po_nutrients.csv","rgn_id",,,"year","pressure_score",,TRUE,2012,2016,0,0,TRUE,,,,1,FALSE
"ECO pressureFIS pressureLIV pressureSPP pressure","sp_genetic","sp_genetic_gl2019placeholder.csv","pressure_score","scaled 0-1","Genetic escapes","Introduced mariculture species (Mariculture Sustainability Index) as a proxy for genetic escapes","sp_genetic","~/github/ohi-global/eez/layers/sp_genetic.csv","rgn_id",,,"year","pressure_score",,TRUE,2019,2019,0,0,TRUE,,,,1,FALSE
"ECO resilienceLIV resilience","li_gci","li_gci_gl2019.csv","resilience_score","scaled 0-1","Global Competitiveness Index (GCI)","Competitiveness in achieving sustained economic prosperity","li_gci","~/github/ohi-global/eez/layers/li_gci.csv","rgn_id",,,"year","resilience_score",,TRUE,2010,2017,,,FALSE,,,,1,TRUE
"ECOLIV","le_sector_weight","le_sector_weight_gl2019placeholder.csv","weight","value","Sectors in each region","Proportion of jobs within each marine sector","le_sector_weight","~/github/ohi-global/eez/layers/le_sector_weight.csv","rgn_id",,"sector",,"weight",,TRUE,,,2019,2019,FALSE,,,,1,FALSE
"FIS","fis_b_bmsy","fis_b_bmsy_gl2019.csv","bbmsy","B/Bmsy","B/Bmsy estimates","The ratio of fish population abundance compared to the abundance required to deliver maximum sustainable yield (RAM and catch-MSY data)","fis_b_bmsy","~/github/ohi-global/eez/layers/fis_b_bmsy.csv","rgn_id",,"stock_id","year","bbmsy",,TRUE,2001,2015,0.25738,3.67,FALSE,,,,1,FALSE
"FIS","fis_meancatch","fis_meancatch_gl2019.csv","mean_catch","tonnes","Fishery catch data","Mean commercial catch for each OHI region (averaged across years)","fis_meancatch","~/github/ohi-global/eez/layers/fis_meancatch.csv","rgn_id",,"stock_id_taxonkey","year","mean_catch",,TRUE,2001,2015,2.7488e-06,1198.04997222222,FALSE,,,,1,FALSE
"FIS resilienceHAB resilienceICO resilienceNP resilience","species_diversity_eez","species_diversity_eez_gl2019.csv","score","scaled 0-1","Measure of ecological integrity","Marine species condition (species subgoal status score) as a proxy for ecological integrity","species_diversity_eez","~/github/ohi-global/eez/layers/species_diversity_eez.csv","rgn_id",,,"year","score",,TRUE,2012,2019,0.732523149916846,0.748395651673452,TRUE,,,,1,FALSE
"FIS resilienceHAB resilienceICO resilienceNP resilienceSPP resilience","fp_mora_artisanal","fp_mora_artisanal_gl2019.csv","value","scaled 0-1","Artisanal fisheries management effectiveness","Quality of management of small-scale fishing for artisanal and recreational purposes","fp_mora_artisanal","~/github/ohi-global/eez/layers/fp_mora_artisanal.csv","rgn_id",,,,"value",,TRUE,,,0.854,0.854,TRUE,,,,1,FALSE
"FIS resilienceHAB resilienceICO resilienceNP resilienceSPP resilience","fp_mpa_eez","fp_mpa_eez_gl2019.csv","resilience.score","scaled 0-1","EEZ protected marine areas (fishing preservation)","Protected marine areas within EEZ (lasting special places calculation applied to the entire EEZ)","fp_mpa_eez","~/github/ohi-global/eez/layers/fp_mpa_eez.csv","rgn_id",,,"year","resilience.score",,TRUE,2000,2019,0,0.504788490626965,TRUE,,,,1,FALSE
"FIS resilienceHAB resilienceICO resilienceNP resilienceSPP resilience","hd_mpa_eez","hd_mpa_eez_gl2019.csv","resilience.score","scaled 0-1","EEZ protected marine areas (habitat preservation)","Protected marine areas within EEZ (lasting special places calculation applied to the entire EEZ)","hd_mpa_eez","~/github/ohi-global/eez/layers/hd_mpa_eez.csv","rgn_id",,,"year","resilience.score",,TRUE,2000,2019,0,0.504788490626965,TRUE,,,,1,FALSE
"FP","fp_wildcaught_weight","fp_wildcaught_weight_gl2019.csv","w_fis","proportion","Food provision weights","Proportion of wild caught fisheries relative to total food production (e.g., fisheries and mariculture)","fp_wildcaught_weight","~/github/ohi-global/eez/layers/fp_wildcaught_weight.csv","rgn_id",,,"year","w_fis",,TRUE,2005,2015,1,1,TRUE,,,,1,FALSE
"HAB","hab_softbottom_health","hab_softbottom_health_gl2019.csv","health","proportion","Habitat condition of softbottom","Current condition of softbottom habitat, based on demersal destructive fishing practices (e.g., trawling)","hab_softbottom_health","~/github/ohi-global/eez/layers/hab_softbottom_health.csv","rgn_id",,"habitat","year","health",,TRUE,2003,2015,1,1,TRUE,,,,1,FALSE
"HAB","hab_softbottom_trend","hab_softbottom_trend_gl2019.csv","trend","trend","Habitat condition trend of softbottom","Estimated change in softbottom condition, based on trends in demersal destructive fishing practices (e.g., trawling)","hab_softbottom_trend","~/github/ohi-global/eez/layers/hab_softbottom_trend.csv","rgn_id",,"habitat","year","trend",,TRUE,2011,2015,0,0,TRUE,,,,1,FALSE
"HAB resilienceMAR resilienceSPP resilience","g_mariculture","g_mariculture_gl2019.csv","resilience score","scaled 0-1","Management of mariculture  to preserve biodiversity","Survey responses by country to the Convention on Biological Diversity (CBD) Third National Report: mariculture related questions","g_mariculture","~/github/ohi-global/eez/layers/g_mariculture.csv","rgn_id",,,,"resilience.score",,TRUE,,,0.126580015179823,0.126580015179823,TRUE,,,,1,FALSE
"HAB resilienceSPP resilience","g_tourism","g_tourism_gl2019.csv","resilience score","scaled 0-1","Management of tourism to preserve biodiversity","Survey responses by country to the Convention on Biological Diversity (CBD) Third National Report: tourism related questions","g_tourism","~/github/ohi-global/eez/layers/g_tourism.csv","rgn_id",,,,"resilience.score",,TRUE,,,0.075010379365802,0.075010379365802,TRUE,,,,1,FALSE
"ICO","ico_spp_iucn_status","ico_spp_iucn_status_gl2019.csv","category","IUCN risk category","IUCN extinction risk","IUCN extinction risk category for iconic species located within each region","ico_spp_iucn_status","~/github/ohi-global/eez/layers/ico_spp_iucn_status.csv","rgn_id",,"sciname","year",,"category",TRUE,1992,2019,,,FALSE,"iucn_sid,eval_yr",,,1,
"ICO pressureSPP pressure","fp_targetharvest","fp_targetharvest_gl2019.csv","pressure_score","scaled 0-1","Targeted harvest of cetaceans and marine turtles","Targeted harvest of cetaceans and marine turtles","fp_targetharvest","~/github/ohi-global/eez/layers/fp_targetharvest.csv","rgn_id",,,"year","pressure_score",,TRUE,1950,2017,0,0,TRUE,,,,1,FALSE
"ICO resilienceNP resilienceSPP resilience","g_cites","g_cites_gl2019.csv","resilience_score","0 or 1","CITES signatories","Convention on International Trade in Endangered Species of Wild Fauna and Flora (CITES) signatories","g_cites","~/github/ohi-global/eez/layers/g_cites.csv","rgn_id",,,"year","resilience_score",,TRUE,2010,2017,1,1,TRUE,,,,1,FALSE
"LIV","liv_status","liv_status_gl2019.csv","status","status 0-100","Livelihood status scores","Calculated using adjusted job and wage data in several marine sectors  (data not updated since 2013)","liv_status","~/github/ohi-global/eez/layers/liv_status.csv","rgn_id",,,"year","status",,TRUE,2012,2013,,,FALSE,,,,1,TRUE
"LIV","liv_trend","liv_trend_gl2019.csv","trend","trend -1 to 1","Livelihood trend scores","Calculated using change in adjusted job and wage data in several marine sectors  (data not updated since 2013)","liv_trend","~/github/ohi-global/eez/layers/liv_trend.csv","rgn_id",,,"year","trend",,TRUE,2012,2013,,,FALSE,,,,1,TRUE
"LIV resilience","li_sector_evenness","li_sector_evenness_gl2019.csv","resilience score","scaled 0-1","Economic diversity","Sector evenness based on Shannon's Diversity Index calculated on the proportion of jobs in each sector as a measure of economic diversity","li_sector_evenness","~/github/ohi-global/eez/layers/li_sector_evenness.csv","rgn_id",,,,"resilience.score",,TRUE,,,0.3360052948515,0.3360052948515,TRUE,,,,1,FALSE
"LSP","lsp_prot_area_inland1km","lsp_prot_area_inland1km_gl2019.csv","a_prot_1km","km2","Inland coastal protected areas","Protected areas located 1 km inland","lsp_prot_area_inland1km","~/github/ohi-global/eez/layers/lsp_prot_area_inland1km.csv","rgn_id",,,"year","a_prot_1km",,TRUE,0,2019,0,267,FALSE,,,,1,FALSE
"LSP","lsp_prot_area_offshore3nm","lsp_prot_area_offshore3nm_gl2019.csv","a_prot_3nm","km2","Offshore coastal protected areas","Protected areas located 3nm offshore","lsp_prot_area_offshore3nm","~/github/ohi-global/eez/layers/lsp_prot_area_offshore3nm.csv","rgn_id",,,"year","a_prot_3nm",,TRUE,0,2019,0,1912,FALSE,,,,1,FALSE
"LSP","rgn_area_inland1km","rgn_area_inland1km_gl2019.csv","area","km2","Inland 1km area","Inland area of OHI regions within 1km of shoreline","rgn_area_inland1km","~/github/ohi-global/eez/layers/rgn_area_inland1km.csv","rgn_id",,,,"area",,TRUE,,,267,267,FALSE,,,,1,FALSE
"LSP","rgn_area_offshore3nm","rgn_area_offshore3nm_gl2019.csv","area","km2","Offshore 3nm area","Offshore area of OHI regions within 3nm of shoreline","rgn_area_offshore3nm","~/github/ohi-global/eez/layers/rgn_area_offshore3nm.csv","rgn_id",,,,"area",,TRUE,,,1912,1912,FALSE,,,,1,FALSE
"MAR","mar_capacity","mar_capacity_gl2019.csv","potential_mar_tonnes","tonnes","Potential tonnes of mariculture harvest","Tonnes of mariculture harvest potential for each region based on biological variables and growth performance indices. Taken from Gentry et al. 2017 and adopted for the OHI.","mar_capacity","~/github/ohi-global/eez/layers/mar_capacity.csv","rgn_id",,,"year","potential_mar_tonnes",,TRUE,2019,2019,1409.6,1409.6,FALSE,,,,1,FALSE
"MAR","mar_harvest_tonnes","mar_harvest_tonnes_gl2019placeholder.csv","tonnes","tonnes","Mariculture harvest","Tonnes of mariculture harvest","mar_harvest_tonnes","~/github/ohi-global/eez/layers/mar_harvest_tonnes.csv","rgn_id",,"taxa_code","year","tonnes",,TRUE,2019,2019,2019,2019,FALSE,"taxa_group",,,1,FALSE
"MAR","mar_sustainability_score","mar_sustainability_score_gl2019placeholder.csv","sust_coeff","scaled 0-1","Mariculture sustainability score","Mariculture sustainability based on the Mariculture Sustainability Index (MSI)","mar_sustainability_score","~/github/ohi-global/eez/layers/mar_sustainability_score.csv","rgn_id",,"taxa_code","year","sust_coeff",,TRUE,2019,2019,2019,2019,FALSE,,,,1,FALSE
"MAR resilience","g_msi_gov","g_msi_gov_gl2019placeholder.csv","resilience score","scaled 0-1","Mariculture Sustainability Index","Mariculture practice assessment criteria from the Mariculture Sustainability Index (MSI)","g_msi_gov","~/github/ohi-global/eez/layers/g_msi_gov.csv","rgn_id",,,,"resilience.score",,TRUE,,,0,0,TRUE,,,,1,FALSE
"NP","hab_rockyreef_extent","hab_rockyreef_extent_gl2019.csv","km2","km2","Habitat extent of rocky reef","Area of rocky reef habitat","hab_rockyreef_extent","~/github/ohi-global/eez/layers/hab_rockyreef_extent.csv","rgn_id",,"habitat","year","km2",,TRUE,2012,2012,32.3103,32.3103,FALSE,,,,1,FALSE
"NP","np_blast","np_blast_gl2019placeholder.csv","score","scaled 0-1","Blast fishing","Artisanal blast fishing","np_blast","~/github/ohi-global/eez/layers/np_blast.csv","rgn_id",,,"year","score",,TRUE,2019,2019,2019,2019,FALSE,,,,1,FALSE
"NP","np_cyanide","np_cyanide_gl2019placeholder.csv","score","scaled 0-1","Poison fishing","Artisanal poison (cyanide) fishing","np_cyanide","~/github/ohi-global/eez/layers/np_cyanide.csv","rgn_id",,,"year","score",,TRUE,2019,2019,2019,2019,FALSE,,,,1,FALSE
"NP","np_harvest_product_weight","np_harvest_product_weight_gl2019placeholder.csv","weight","proportion","Relative natural product harvest value","Relative importance of six marine commodities (coral, fish oil, seaweed and plants, shells, sponges, ornamental fish) within each region determined by dividing the max USD value (determined across most recent 10 years of data) of each product and dividing by the sum of the max USD values of all products","np_harvest_product_weight","~/github/ohi-global/eez/layers/np_harvest_product_weight.csv","rgn_id",,"product","year","weight",,TRUE,2019,2019,2019,2019,FALSE,,,,1,FALSE
"NP","np_harvest_tonnes","np_harvest_tonnes_gl2019placeholder.csv","tonnes","tonnes","Natural product harvest","Yield in metric tonnes of six marine commodities (coral, fish oil, seaweed and plants, shells, sponges, ornamental fish)","np_harvest_tonnes","~/github/ohi-global/eez/layers/np_harvest_tonnes.csv","rgn_id",,"product","year","tonnes",,TRUE,2019,2019,2019,2019,FALSE,,,,1,FALSE
"NP","np_harvest_tonnes_relative","np_harvest_tonnes_relative_gl2019placeholder.csv","tonnes_rel","proportion","Relative natural product harvest tonnes","Tonnes of harvest of each commodity relative to maximum harvest (with 35% buffer) of the commodity within the region observed across years","np_harvest_tonnes_relative","~/github/ohi-global/eez/layers/np_harvest_tonnes_relative.csv","rgn_id",,"product","year","tonnes_rel",,TRUE,2019,2019,2019,2019,FALSE,,,,1,FALSE
"spatial","rgn_area","rgn_area.csv","area_km2","km2","Region areas based on EEZ boundaries","Area of Ocean Health Index regions modified from exclusive economic zones, weights used to calculate global score","rgn_area","~/github/ohi-global/eez/layers/rgn_area.csv","rgn_id",,,,"area_km2",,TRUE,,,353242,353242,FALSE,,,,1,FALSE
"spatial","rgn_global","rgn_global.csv","label","label","OHI region id","Subset of regions that are not deleted or disputed","rgn_global","~/github/ohi-global/eez/layers/rgn_global.csv","rgn_id",,,,,"label",TRUE,,,,,FALSE,,,,1,
"spatial","rgn_labels","rgn_labels.csv","label","label","Regions","Regions by type (eez, subocean, unclaimed)","rgn_labels","~/github/ohi-global/eez/layers/rgn_labels.csv","rgn_id",,"type",,,"label",TRUE,,,,,FALSE,,,,1,
"spatial","uninhabited","uninhabited_gl2019.csv","Inhabited","population","Uninhabited regions","Regions with low and no number of inhabitants (also identifies Southern Islands)","uninhabited","~/github/ohi-global/eez/layers/uninhabited.csv","rgn_id",,"rgn_nam",,"inhabited",,TRUE,,,0,0,TRUE,"southern_island,est_population",,,1,FALSE
"SPP","spp_status","spp_status_gl2019.csv","score","status score","Average species condition","Overall measure of species condition based on IUCN status of species within each region","spp_status","~/github/ohi-global/eez/layers/spp_status.csv","rgn_id",,,"year","score",,TRUE,2012,2019,0.732523149916846,0.748395651673452,TRUE,,,,1,FALSE
"SPP","spp_trend","spp_trend_gl2019.csv","score","trend score","Average species condition trend","Overall measure of species condition trends based on change in IUCN status of species within each region","spp_trend","~/github/ohi-global/eez/layers/spp_trend.csv","rgn_id",,,,"score",,TRUE,,,-0.0154773282673805,-0.0154773282673805,FALSE,,,,1,FALSE
"TR","tr_jobs_pct_tourism","tr_jobs_pct_tourism_gl2019.csv","Ep","proportion","Percent direct employment in tourism","Percent direct employment in tourism","tr_jobs_pct_tourism","~/github/ohi-global/eez/layers/tr_jobs_pct_tourism.csv","rgn_id",,,"year","ep",,TRUE,1995,2030,,,FALSE,,,,1,TRUE
"TR","tr_sustainability","tr_sustainability_gl2019.csv","S_score","scaled 0-1","Tourism sustainability index","Tourism Competitiveness Index (TTCI)","tr_sustainability","~/github/ohi-global/eez/layers/tr_sustainability.csv","rgn_id",,,"year","s_score",,TRUE,2019,2019,4.58290072560431,4.58290072560431,FALSE,,,,1,FALSE
"weighting","element_wts_cp_km2_x_protection","element_wts_cp_km2_x_protection_gl2019.csv","extent_rank","extent*rank_protection","Coastal protection weights","Habitat extent multiplied by habitat protection rank for: coral, mangrove (offshore and inland 1km), saltmarsh, sea ice (shoreline), and seagrass (empty dataframe filled by functions.R in ohi-global)","element_wts_cp_km2_x_protection","~/github/ohi-global/eez/layers/element_wts_cp_km2_x_protection.csv","rgn_id",,"habitat",,"extent_rank",,TRUE,,,,,FALSE,,,,1,TRUE
"weighting","element_wts_cs_km2_x_storage","element_wts_cs_km2_x_storage_gl2019.csv","extent_rank","extent*carbon_storage","Carbon storage weights","Habitat extent multiplied by carbon storage capacity for: mangrove, saltmarsh, and seagrass  (empty dataframe filled by functions.R in ohi-global)","element_wts_cs_km2_x_storage","~/github/ohi-global/eez/layers/element_wts_cs_km2_x_storage.csv","rgn_id",,"habitat",,"extent_rank",,TRUE,,,,,FALSE,,,,1,TRUE
"weighting","element_wts_hab_pres_abs","element_wts_hab_pres_abs_gl2019.csv","boolean","0 or 1","Habitat presence/absence","List of habitats in each region (empty dataframe filled by functions.R in ohi-global)","element_wts_hab_pres_abs","~/github/ohi-global/eez/layers/element_wts_hab_pres_abs.csv","rgn_id",,"habitat",,"boolean",,TRUE,,,,,FALSE,,,,1,TRUE
"","hab_softbottom_extent","hab_softbottom_extent_gl2019.csv","km2","km2","Habitat extent of softbottom","Area of softbottom habitat","hab_softbottom_extent","~/github/ohi-global/eez/layers/hab_softbottom_extent.csv","rgn_id",,"habitat","year","km2",,TRUE,2012,2012,824.348768930678,824.348768930678,FALSE,,,,1,FALSE
"","sp_alien_species","sp_alien_species_gl2019.csv","resilience score","scaled 0-1","Management of nonindigenous species","Survey responses by country to the Convention on Biological Diversity (CBD) Third National Report: invasive species related questions","sp_alien_species","~/github/ohi-global/eez/layers/sp_alien_species.csv","rgn_id",,,,"resilience.score",,TRUE,,,0,0,TRUE,,,,1,FALSE
